layer,model,runs,dur_med_min,dur_total_h,dur_max_min,energy_med_kJ,energy_total_MJ,res_n,gpu_util_pct,gpu_power_W,gpu_temp_C,sm_clock_MHz,unified_mem_peak_MiB,kv_cache_pct,decode_tok_s,prefill_tok_s,ttft_p50_s
L1,gpt-oss-120b,29,1.9,1.31,12.7,3.6,0.14,29,90.7,30.1,57.0,2393.0,113059.0,1.6,26.2,24218.0,0.466
L1,qwen3-coder-30b,29,1.4,1.04,7.5,2.6,0.108,29,89.3,29.2,56.0,2392.0,110455.0,4.5,20.1,16688.0,0.5
L1,nemotron-super,21,3.9,14.46,778.9,8.4,0.858,21,91.8,38.0,64.0,2404.0,108517.0,,,,
L2,gpt-oss-120b,27,11.1,4.95,20.1,18.8,0.524,27,88.5,30.8,60.0,2400.0,111132.0,2.2,31.0,53934.0,0.362
L2,qwen3-coder-30b,28,12.9,6.25,22.2,21.5,0.634,28,92.7,27.7,61.0,2398.0,110250.0,5.8,22.8,86220.0,0.206
L2,nemotron-super,8,16.1,2.18,31.4,40.6,0.347,8,90.6,45.3,66.0,2427.0,107594.0,,,,
L3,gpt-oss-120b,0,,,,,,1,2.1,12.6,51.0,2409.0,116797.0,0.0,,,
L3,qwen3-coder-30b,1,643.0,10.72,643.0,1007.4,1.007,1,95.2,26.1,62.0,2400.0,117762.0,0.6,24.2,1666.0,0.375
L3,nemotron-super,1,546.9,9.11,546.9,1478.7,1.479,1,95.2,45.0,70.0,2464.0,117476.0,,,,
